date_id;date_complete;annee;trimestre;mois_numero;mois_nom;semaine;jour_mois;jour_semaine;est_weekend;est_ferie
20230101;2023-01-01;2023;T1;1;Janvier;52;1;Dimanche;Oui;Oui
20230102;2023-01-02;2023;T1;1;Janvier;1;2;Lundi;Non;Non
20230103;2023-01-03;2023;T1;1;Janvier;1;3;Mardi;Non;Non
20230104;2023-01-04;2023;T1;1;Janvier;1;4;Mercredi;Non;Non
20230105;2023-01-05;2023;T1;1;Janvier;1;5;Jeudi;Non;Non
20230106;2023-01-06;2023;T1;1;Janvier;1;6;Vendredi;Non;Non
20230107;2023-01-07;2023;T1;1;Janvier;1;7;Samedi;Oui;Non
20230108;2023-01-08;2023;T1;1;Janvier;1;8;Dimanche;Oui;Non
20230109;2023-01-09;2023;T1;1;Janvier;2;9;Lundi;Non;Non
20230110;2023-01-10;2023;T1;1;Janvier;2;10;Mardi;Non;Non
20230111;2023-01-11;2023;T1;1;Janvier;2;11;Mercredi;Non;Non
20230112;2023-01-12;2023;T1;1;Janvier;2;12;Jeudi;Non;Non
20230113;2023-01-13;2023;T1;1;Janvier;2;13;Vendredi;Non;Non
20230114;2023-01-14;2023;T1;1;Janvier;2;14;Samedi;Oui;Non
20230115;2023-01-15;2023;T1;1;Janvier;2;15;Dimanche;Oui;Non
20230116;2023-01-16;2023;T1;1;Janvier;3;16;Lundi;Non;Non
20230117;2023-01-17;2023;T1;1;Janvier;3;17;Mardi;Non;Non
20230118;2023-01-18;2023;T1;1;Janvier;3;18;Mercredi;Non;Non
20230119;2023-01-19;2023;T1;1;Janvier;3;19;Jeudi;Non;Non
20230120;2023-01-20;2023;T1;1;Janvier;3;20;Vendredi;Non;Non
20230121;2023-01-21;2023;T1;1;Janvier;3;21;Samedi;Oui;Non
20230122;2023-01-22;2023;T1;1;Janvier;3;22;Dimanche;Oui;Non
20230123;2023-01-23;2023;T1;1;Janvier;4;23;Lundi;Non;Non
20230124;2023-01-24;2023;T1;1;Janvier;4;24;Mardi;Non;Non
20230125;2023-01-25;2023;T1;1;Janvier;4;25;Mercredi;Non;Non
20230126;2023-01-26;2023;T1;1;Janvier;4;26;Jeudi;Non;Non
20230127;2023-01-27;2023;T1;1;Janvier;4;27;Vendredi;Non;Non
20230128;2023-01-28;2023;T1;1;Janvier;4;28;Samedi;Oui;Non
20230129;2023-01-29;2023;T1;1;Janvier;4;29;Dimanche;Oui;Non
20230130;2023-01-30;2023;T1;1;Janvier;5;30;Lundi;Non;Non
20230131;2023-01-31;2023;T1;1;Janvier;5;31;Mardi;Non;Non
20230201;2023-02-01;2023;T1;2;Février;5;1;Mercredi;Non;Non
20230202;2023-02-02;2023;T1;2;Février;5;2;Jeudi;Non;Non
20230203;2023-02-03;2023;T1;2;Février;5;3;Vendredi;Non;Non
20230204;2023-02-04;2023;T1;2;Février;5;4;Samedi;Oui;Non
20230205;2023-02-05;2023;T1;2;Février;5;5;Dimanche;Oui;Non
20230206;2023-02-06;2023;T1;2;Février;6;6;Lundi;Non;Non
20230207;2023-02-07;2023;T1;2;Février;6;7;Mardi;Non;Non
20230208;2023-02-08;2023;T1;2;Février;6;8;Mercredi;Non;Non
20230209;2023-02-09;2023;T1;2;Février;6;9;Jeudi;Non;Non
20230210;2023-02-10;2023;T1;2;Février;6;10;Vendredi;Non;Non
20230211;2023-02-11;2023;T1;2;Février;6;11;Samedi;Oui;Non
20230212;2023-02-12;2023;T1;2;Février;6;12;Dimanche;Oui;Non
20230213;2023-02-13;2023;T1;2;Février;7;13;Lundi;Non;Non
20230214;2023-02-14;2023;T1;2;Février;7;14;Mardi;Non;Non
20230215;2023-02-15;2023;T1;2;Février;7;15;Mercredi;Non;Non
20230216;2023-02-16;2023;T1;2;Février;7;16;Jeudi;Non;Non
20230217;2023-02-17;2023;T1;2;Février;7;17;Vendredi;Non;Non
20230218;2023-02-18;2023;T1;2;Février;7;18;Samedi;Oui;Non
20230219;2023-02-19;2023;T1;2;Février;7;19;Dimanche;Oui;Non
20230220;2023-02-20;2023;T1;2;Février;8;20;Lundi;Non;Non
20230221;2023-02-21;2023;T1;2;Février;8;21;Mardi;Non;Non
20230222;2023-02-22;2023;T1;2;Février;8;22;Mercredi;Non;Non
20230223;2023-02-23;2023;T1;2;Février;8;23;Jeudi;Non;Non
20230224;2023-02-24;2023;T1;2;Février;8;24;Vendredi;Non;Non
20230225;2023-02-25;2023;T1;2;Février;8;25;Samedi;Oui;Non
20230226;2023-02-26;2023;T1;2;Février;8;26;Dimanche;Oui;Non
20230227;2023-02-27;2023;T1;2;Février;9;27;Lundi;Non;Non
20230228;2023-02-28;2023;T1;2;Février;9;28;Mardi;Non;Non
20230301;2023-03-01;2023;T1;3;Mars;9;1;Mercredi;Non;Non
20230302;2023-03-02;2023;T1;3;Mars;9;2;Jeudi;Non;Non
20230303;2023-03-03;2023;T1;3;Mars;9;3;Vendredi;Non;Non
20230304;2023-03-04;2023;T1;3;Mars;9;4;Samedi;Oui;Non
20230305;2023-03-05;2023;T1;3;Mars;9;5;Dimanche;Oui;Non
20230306;2023-03-06;2023;T1;3;Mars;10;6;Lundi;Non;Non
20230307;2023-03-07;2023;T1;3;Mars;10;7;Mardi;Non;Non
20230308;2023-03-08;2023;T1;3;Mars;10;8;Mercredi;Non;Non
20230309;2023-03-09;2023;T1;3;Mars;10;9;Jeudi;Non;Non
20230310;2023-03-10;2023;T1;3;Mars;10;10;Vendredi;Non;Non
20230311;2023-03-11;2023;T1;3;Mars;10;11;Samedi;Oui;Non
20230312;2023-03-12;2023;T1;3;Mars;10;12;Dimanche;Oui;Non
20230313;2023-03-13;2023;T1;3;Mars;11;13;Lundi;Non;Non
20230314;2023-03-14;2023;T1;3;Mars;11;14;Mardi;Non;Non
20230315;2023-03-15;2023;T1;3;Mars;11;15;Mercredi;Non;Non
20230316;2023-03-16;2023;T1;3;Mars;11;16;Jeudi;Non;Non
20230317;2023-03-17;2023;T1;3;Mars;11;17;Vendredi;Non;Non
20230318;2023-03-18;2023;T1;3;Mars;11;18;Samedi;Oui;Non
20230319;2023-03-19;2023;T1;3;Mars;11;19;Dimanche;Oui;Non
20230320;2023-03-20;2023;T1;3;Mars;12;20;Lundi;Non;Non
20230321;2023-03-21;2023;T1;3;Mars;12;21;Mardi;Non;Non
20230322;2023-03-22;2023;T1;3;Mars;12;22;Mercredi;Non;Non
20230323;2023-03-23;2023;T1;3;Mars;12;23;Jeudi;Non;Non
20230324;2023-03-24;2023;T1;3;Mars;12;24;Vendredi;Non;Non
20230325;2023-03-25;2023;T1;3;Mars;12;25;Samedi;Oui;Non
20230326;2023-03-26;2023;T1;3;Mars;12;26;Dimanche;Oui;Non
20230327;2023-03-27;2023;T1;3;Mars;13;27;Lundi;Non;Non
20230328;2023-03-28;2023;T1;3;Mars;13;28;Mardi;Non;Non
20230329;2023-03-29;2023;T1;3;Mars;13;29;Mercredi;Non;Non
20230330;2023-03-30;2023;T1;3;Mars;13;30;Jeudi;Non;Non
20230331;2023-03-31;2023;T1;3;Mars;13;31;Vendredi;Non;Non
20230401;2023-04-01;2023;T2;4;Avril;13;1;Samedi;Oui;Non
20230402;2023-04-02;2023;T2;4;Avril;13;2;Dimanche;Oui;Non
20230403;2023-04-03;2023;T2;4;Avril;14;3;Lundi;Non;Non
20230404;2023-04-04;2023;T2;4;Avril;14;4;Mardi;Non;Non
20230405;2023-04-05;2023;T2;4;Avril;14;5;Mercredi;Non;Non
20230406;2023-04-06;2023;T2;4;Avril;14;6;Jeudi;Non;Non
20230407;2023-04-07;2023;T2;4;Avril;14;7;Vendredi;Non;Non
20230408;2023-04-08;2023;T2;4;Avril;14;8;Samedi;Oui;Non
20230409;2023-04-09;2023;T2;4;Avril;14;9;Dimanche;Oui;Non
20230410;2023-04-10;2023;T2;4;Avril;15;10;Lundi;Non;Non
20230411;2023-04-11;2023;T2;4;Avril;15;11;Mardi;Non;Non
20230412;2023-04-12;2023;T2;4;Avril;15;12;Mercredi;Non;Non
20230413;2023-04-13;2023;T2;4;Avril;15;13;Jeudi;Non;Non
20230414;2023-04-14;2023;T2;4;Avril;15;14;Vendredi;Non;Non
20230415;2023-04-15;2023;T2;4;Avril;15;15;Samedi;Oui;Non
20230416;2023-04-16;2023;T2;4;Avril;15;16;Dimanche;Oui;Non
20230417;2023-04-17;2023;T2;4;Avril;16;17;Lundi;Non;Non
20230418;2023-04-18;2023;T2;4;Avril;16;18;Mardi;Non;Non
20230419;2023-04-19;2023;T2;4;Avril;16;19;Mercredi;Non;Non
20230420;2023-04-20;2023;T2;4;Avril;16;20;Jeudi;Non;Non
20230421;2023-04-21;2023;T2;4;Avril;16;21;Vendredi;Non;Non
20230422;2023-04-22;2023;T2;4;Avril;16;22;Samedi;Oui;Non
20230423;2023-04-23;2023;T2;4;Avril;16;23;Dimanche;Oui;Non
20230424;2023-04-24;2023;T2;4;Avril;17;24;Lundi;Non;Non
20230425;2023-04-25;2023;T2;4;Avril;17;25;Mardi;Non;Non
20230426;2023-04-26;2023;T2;4;Avril;17;26;Mercredi;Non;Non
20230427;2023-04-27;2023;T2;4;Avril;17;27;Jeudi;Non;Non
20230428;2023-04-28;2023;T2;4;Avril;17;28;Vendredi;Non;Non
20230429;2023-04-29;2023;T2;4;Avril;17;29;Samedi;Oui;Non
20230430;2023-04-30;2023;T2;4;Avril;17;30;Dimanche;Oui;Non
20230501;2023-05-01;2023;T2;5;Mai;18;1;Lundi;Non;Oui
20230502;2023-05-02;2023;T2;5;Mai;18;2;Mardi;Non;Non
20230503;2023-05-03;2023;T2;5;Mai;18;3;Mercredi;Non;Non
20230504;2023-05-04;2023;T2;5;Mai;18;4;Jeudi;Non;Non
20230505;2023-05-05;2023;T2;5;Mai;18;5;Vendredi;Non;Non
20230506;2023-05-06;2023;T2;5;Mai;18;6;Samedi;Oui;Non
20230507;2023-05-07;2023;T2;5;Mai;18;7;Dimanche;Oui;Non
20230508;2023-05-08;2023;T2;5;Mai;19;8;Lundi;Non;Oui
20230509;2023-05-09;2023;T2;5;Mai;19;9;Mardi;Non;Non
20230510;2023-05-10;2023;T2;5;Mai;19;10;Mercredi;Non;Non
20230511;2023-05-11;2023;T2;5;Mai;19;11;Jeudi;Non;Non
20230512;2023-05-12;2023;T2;5;Mai;19;12;Vendredi;Non;Non
20230513;2023-05-13;2023;T2;5;Mai;19;13;Samedi;Oui;Non
20230514;2023-05-14;2023;T2;5;Mai;19;14;Dimanche;Oui;Non
20230515;2023-05-15;2023;T2;5;Mai;20;15;Lundi;Non;Non
20230516;2023-05-16;2023;T2;5;Mai;20;16;Mardi;Non;Non
20230517;2023-05-17;2023;T2;5;Mai;20;17;Mercredi;Non;Non
20230518;2023-05-18;2023;T2;5;Mai;20;18;Jeudi;Non;Non
20230519;2023-05-19;2023;T2;5;Mai;20;19;Vendredi;Non;Non
20230520;2023-05-20;2023;T2;5;Mai;20;20;Samedi;Oui;Non
20230521;2023-05-21;2023;T2;5;Mai;20;21;Dimanche;Oui;Non
20230522;2023-05-22;2023;T2;5;Mai;21;22;Lundi;Non;Non
20230523;2023-05-23;2023;T2;5;Mai;21;23;Mardi;Non;Non
20230524;2023-05-24;2023;T2;5;Mai;21;24;Mercredi;Non;Non
20230525;2023-05-25;2023;T2;5;Mai;21;25;Jeudi;Non;Non
20230526;2023-05-26;2023;T2;5;Mai;21;26;Vendredi;Non;Non
20230527;2023-05-27;2023;T2;5;Mai;21;27;Samedi;Oui;Non
20230528;2023-05-28;2023;T2;5;Mai;21;28;Dimanche;Oui;Non
20230529;2023-05-29;2023;T2;5;Mai;22;29;Lundi;Non;Non
20230530;2023-05-30;2023;T2;5;Mai;22;30;Mardi;Non;Non
20230531;2023-05-31;2023;T2;5;Mai;22;31;Mercredi;Non;Non
20230601;2023-06-01;2023;T2;6;Juin;22;1;Jeudi;Non;Non
20230602;2023-06-02;2023;T2;6;Juin;22;2;Vendredi;Non;Non
20230603;2023-06-03;2023;T2;6;Juin;22;3;Samedi;Oui;Non
20230604;2023-06-04;2023;T2;6;Juin;22;4;Dimanche;Oui;Non
20230605;2023-06-05;2023;T2;6;Juin;23;5;Lundi;Non;Non
20230606;2023-06-06;2023;T2;6;Juin;23;6;Mardi;Non;Non
20230607;2023-06-07;2023;T2;6;Juin;23;7;Mercredi;Non;Non
20230608;2023-06-08;2023;T2;6;Juin;23;8;Jeudi;Non;Non
20230609;2023-06-09;2023;T2;6;Juin;23;9;Vendredi;Non;Non
20230610;2023-06-10;2023;T2;6;Juin;23;10;Samedi;Oui;Non
20230611;2023-06-11;2023;T2;6;Juin;23;11;Dimanche;Oui;Non
20230612;2023-06-12;2023;T2;6;Juin;24;12;Lundi;Non;Non
20230613;2023-06-13;2023;T2;6;Juin;24;13;Mardi;Non;Non
20230614;2023-06-14;2023;T2;6;Juin;24;14;Mercredi;Non;Non
20230615;2023-06-15;2023;T2;6;Juin;24;15;Jeudi;Non;Non
20230616;2023-06-16;2023;T2;6;Juin;24;16;Vendredi;Non;Non
20230617;2023-06-17;2023;T2;6;Juin;24;17;Samedi;Oui;Non
20230618;2023-06-18;2023;T2;6;Juin;24;18;Dimanche;Oui;Non
20230619;2023-06-19;2023;T2;6;Juin;25;19;Lundi;Non;Non
20230620;2023-06-20;2023;T2;6;Juin;25;20;Mardi;Non;Non
20230621;2023-06-21;2023;T2;6;Juin;25;21;Mercredi;Non;Non
20230622;2023-06-22;2023;T2;6;Juin;25;22;Jeudi;Non;Non
20230623;2023-06-23;2023;T2;6;Juin;25;23;Vendredi;Non;Non
20230624;2023-06-24;2023;T2;6;Juin;25;24;Samedi;Oui;Non
20230625;2023-06-25;2023;T2;6;Juin;25;25;Dimanche;Oui;Non
20230626;2023-06-26;2023;T2;6;Juin;26;26;Lundi;Non;Non
20230627;2023-06-27;2023;T2;6;Juin;26;27;Mardi;Non;Non
20230628;2023-06-28;2023;T2;6;Juin;26;28;Mercredi;Non;Non
20230629;2023-06-29;2023;T2;6;Juin;26;29;Jeudi;Non;Non
20230630;2023-06-30;2023;T2;6;Juin;26;30;Vendredi;Non;Non
20230701;2023-07-01;2023;T3;7;Juillet;26;1;Samedi;Oui;Non
20230702;2023-07-02;2023;T3;7;Juillet;26;2;Dimanche;Oui;Non
20230703;2023-07-03;2023;T3;7;Juillet;27;3;Lundi;Non;Non
20230704;2023-07-04;2023;T3;7;Juillet;27;4;Mardi;Non;Non
20230705;2023-07-05;2023;T3;7;Juillet;27;5;Mercredi;Non;Non
20230706;2023-07-06;2023;T3;7;Juillet;27;6;Jeudi;Non;Non
20230707;2023-07-07;2023;T3;7;Juillet;27;7;Vendredi;Non;Non
20230708;2023-07-08;2023;T3;7;Juillet;27;8;Samedi;Oui;Non
20230709;2023-07-09;2023;T3;7;Juillet;27;9;Dimanche;Oui;Non
20230710;2023-07-10;2023;T3;7;Juillet;28;10;Lundi;Non;Non
20230711;2023-07-11;2023;T3;7;Juillet;28;11;Mardi;Non;Non
20230712;2023-07-12;2023;T3;7;Juillet;28;12;Mercredi;Non;Non
20230713;2023-07-13;2023;T3;7;Juillet;28;13;Jeudi;Non;Non
20230714;2023-07-14;2023;T3;7;Juillet;28;14;Vendredi;Non;Oui
20230715;2023-07-15;2023;T3;7;Juillet;28;15;Samedi;Oui;Non
20230716;2023-07-16;2023;T3;7;Juillet;28;16;Dimanche;Oui;Non
20230717;2023-07-17;2023;T3;7;Juillet;29;17;Lundi;Non;Non
20230718;2023-07-18;2023;T3;7;Juillet;29;18;Mardi;Non;Non
20230719;2023-07-19;2023;T3;7;Juillet;29;19;Mercredi;Non;Non
20230720;2023-07-20;2023;T3;7;Juillet;29;20;Jeudi;Non;Non
20230721;2023-07-21;2023;T3;7;Juillet;29;21;Vendredi;Non;Non
20230722;2023-07-22;2023;T3;7;Juillet;29;22;Samedi;Oui;Non
20230723;2023-07-23;2023;T3;7;Juillet;29;23;Dimanche;Oui;Non
20230724;2023-07-24;2023;T3;7;Juillet;30;24;Lundi;Non;Non
20230725;2023-07-25;2023;T3;7;Juillet;30;25;Mardi;Non;Non
20230726;2023-07-26;2023;T3;7;Juillet;30;26;Mercredi;Non;Non
20230727;2023-07-27;2023;T3;7;Juillet;30;27;Jeudi;Non;Non
20230728;2023-07-28;2023;T3;7;Juillet;30;28;Vendredi;Non;Non
20230729;2023-07-29;2023;T3;7;Juillet;30;29;Samedi;Oui;Non
20230730;2023-07-30;2023;T3;7;Juillet;30;30;Dimanche;Oui;Non
20230731;2023-07-31;2023;T3;7;Juillet;31;31;Lundi;Non;Non
20230801;2023-08-01;2023;T3;8;Août;31;1;Mardi;Non;Non
20230802;2023-08-02;2023;T3;8;Août;31;2;Mercredi;Non;Non
20230803;2023-08-03;2023;T3;8;Août;31;3;Jeudi;Non;Non
20230804;2023-08-04;2023;T3;8;Août;31;4;Vendredi;Non;Non
20230805;2023-08-05;2023;T3;8;Août;31;5;Samedi;Oui;Non
20230806;2023-08-06;2023;T3;8;Août;31;6;Dimanche;Oui;Non
20230807;2023-08-07;2023;T3;8;Août;32;7;Lundi;Non;Non
20230808;2023-08-08;2023;T3;8;Août;32;8;Mardi;Non;Non
20230809;2023-08-09;2023;T3;8;Août;32;9;Mercredi;Non;Non
20230810;2023-08-10;2023;T3;8;Août;32;10;Jeudi;Non;Non
20230811;2023-08-11;2023;T3;8;Août;32;11;Vendredi;Non;Non
20230812;2023-08-12;2023;T3;8;Août;32;12;Samedi;Oui;Non
20230813;2023-08-13;2023;T3;8;Août;32;13;Dimanche;Oui;Non
20230814;2023-08-14;2023;T3;8;Août;33;14;Lundi;Non;Non
20230815;2023-08-15;2023;T3;8;Août;33;15;Mardi;Non;Oui
20230816;2023-08-16;2023;T3;8;Août;33;16;Mercredi;Non;Non
20230817;2023-08-17;2023;T3;8;Août;33;17;Jeudi;Non;Non
20230818;2023-08-18;2023;T3;8;Août;33;18;Vendredi;Non;Non
20230819;2023-08-19;2023;T3;8;Août;33;19;Samedi;Oui;Non
20230820;2023-08-20;2023;T3;8;Août;33;20;Dimanche;Oui;Non
20230821;2023-08-21;2023;T3;8;Août;34;21;Lundi;Non;Non
20230822;2023-08-22;2023;T3;8;Août;34;22;Mardi;Non;Non
20230823;2023-08-23;2023;T3;8;Août;34;23;Mercredi;Non;Non
20230824;2023-08-24;2023;T3;8;Août;34;24;Jeudi;Non;Non
20230825;2023-08-25;2023;T3;8;Août;34;25;Vendredi;Non;Non
20230826;2023-08-26;2023;T3;8;Août;34;26;Samedi;Oui;Non
20230827;2023-08-27;2023;T3;8;Août;34;27;Dimanche;Oui;Non
20230828;2023-08-28;2023;T3;8;Août;35;28;Lundi;Non;Non
20230829;2023-08-29;2023;T3;8;Août;35;29;Mardi;Non;Non
20230830;2023-08-30;2023;T3;8;Août;35;30;Mercredi;Non;Non
20230831;2023-08-31;2023;T3;8;Août;35;31;Jeudi;Non;Non
20230901;2023-09-01;2023;T3;9;Septembre;35;1;Vendredi;Non;Non
20230902;2023-09-02;2023;T3;9;Septembre;35;2;Samedi;Oui;Non
20230903;2023-09-03;2023;T3;9;Septembre;35;3;Dimanche;Oui;Non
20230904;2023-09-04;2023;T3;9;Septembre;36;4;Lundi;Non;Non
20230905;2023-09-05;2023;T3;9;Septembre;36;5;Mardi;Non;Non
20230906;2023-09-06;2023;T3;9;Septembre;36;6;Mercredi;Non;Non
20230907;2023-09-07;2023;T3;9;Septembre;36;7;Jeudi;Non;Non
20230908;2023-09-08;2023;T3;9;Septembre;36;8;Vendredi;Non;Non
20230909;2023-09-09;2023;T3;9;Septembre;36;9;Samedi;Oui;Non
20230910;2023-09-10;2023;T3;9;Septembre;36;10;Dimanche;Oui;Non
20230911;2023-09-11;2023;T3;9;Septembre;37;11;Lundi;Non;Non
20230912;2023-09-12;2023;T3;9;Septembre;37;12;Mardi;Non;Non
20230913;2023-09-13;2023;T3;9;Septembre;37;13;Mercredi;Non;Non
20230914;2023-09-14;2023;T3;9;Septembre;37;14;Jeudi;Non;Non
20230915;2023-09-15;2023;T3;9;Septembre;37;15;Vendredi;Non;Non
20230916;2023-09-16;2023;T3;9;Septembre;37;16;Samedi;Oui;Non
20230917;2023-09-17;2023;T3;9;Septembre;37;17;Dimanche;Oui;Non
20230918;2023-09-18;2023;T3;9;Septembre;38;18;Lundi;Non;Non
20230919;2023-09-19;2023;T3;9;Septembre;38;19;Mardi;Non;Non
20230920;2023-09-20;2023;T3;9;Septembre;38;20;Mercredi;Non;Non
20230921;2023-09-21;2023;T3;9;Septembre;38;21;Jeudi;Non;Non
20230922;2023-09-22;2023;T3;9;Septembre;38;22;Vendredi;Non;Non
20230923;2023-09-23;2023;T3;9;Septembre;38;23;Samedi;Oui;Non
20230924;2023-09-24;2023;T3;9;Septembre;38;24;Dimanche;Oui;Non
20230925;2023-09-25;2023;T3;9;Septembre;39;25;Lundi;Non;Non
20230926;2023-09-26;2023;T3;9;Septembre;39;26;Mardi;Non;Non
20230927;2023-09-27;2023;T3;9;Septembre;39;27;Mercredi;Non;Non
20230928;2023-09-28;2023;T3;9;Septembre;39;28;Jeudi;Non;Non
20230929;2023-09-29;2023;T3;9;Septembre;39;29;Vendredi;Non;Non
20230930;2023-09-30;2023;T3;9;Septembre;39;30;Samedi;Oui;Non
20231001;2023-10-01;2023;T4;10;Octobre;39;1;Dimanche;Oui;Non
20231002;2023-10-02;2023;T4;10;Octobre;40;2;Lundi;Non;Non
20231003;2023-10-03;2023;T4;10;Octobre;40;3;Mardi;Non;Non
20231004;2023-10-04;2023;T4;10;Octobre;40;4;Mercredi;Non;Non
20231005;2023-10-05;2023;T4;10;Octobre;40;5;Jeudi;Non;Non
20231006;2023-10-06;2023;T4;10;Octobre;40;6;Vendredi;Non;Non
20231007;2023-10-07;2023;T4;10;Octobre;40;7;Samedi;Oui;Non
20231008;2023-10-08;2023;T4;10;Octobre;40;8;Dimanche;Oui;Non
20231009;2023-10-09;2023;T4;10;Octobre;41;9;Lundi;Non;Non
20231010;2023-10-10;2023;T4;10;Octobre;41;10;Mardi;Non;Non
20231011;2023-10-11;2023;T4;10;Octobre;41;11;Mercredi;Non;Non
20231012;2023-10-12;2023;T4;10;Octobre;41;12;Jeudi;Non;Non
20231013;2023-10-13;2023;T4;10;Octobre;41;13;Vendredi;Non;Non
20231014;2023-10-14;2023;T4;10;Octobre;41;14;Samedi;Oui;Non
20231015;2023-10-15;2023;T4;10;Octobre;41;15;Dimanche;Oui;Non
20231016;2023-10-16;2023;T4;10;Octobre;42;16;Lundi;Non;Non
20231017;2023-10-17;2023;T4;10;Octobre;42;17;Mardi;Non;Non
20231018;2023-10-18;2023;T4;10;Octobre;42;18;Mercredi;Non;Non
20231019;2023-10-19;2023;T4;10;Octobre;42;19;Jeudi;Non;Non
20231020;2023-10-20;2023;T4;10;Octobre;42;20;Vendredi;Non;Non
20231021;2023-10-21;2023;T4;10;Octobre;42;21;Samedi;Oui;Non
20231022;2023-10-22;2023;T4;10;Octobre;42;22;Dimanche;Oui;Non
20231023;2023-10-23;2023;T4;10;Octobre;43;23;Lundi;Non;Non
20231024;2023-10-24;2023;T4;10;Octobre;43;24;Mardi;Non;Non
20231025;2023-10-25;2023;T4;10;Octobre;43;25;Mercredi;Non;Non
20231026;2023-10-26;2023;T4;10;Octobre;43;26;Jeudi;Non;Non
20231027;2023-10-27;2023;T4;10;Octobre;43;27;Vendredi;Non;Non
20231028;2023-10-28;2023;T4;10;Octobre;43;28;Samedi;Oui;Non
20231029;2023-10-29;2023;T4;10;Octobre;43;29;Dimanche;Oui;Non
20231030;2023-10-30;2023;T4;10;Octobre;44;30;Lundi;Non;Non
20231031;2023-10-31;2023;T4;10;Octobre;44;31;Mardi;Non;Non
20231101;2023-11-01;2023;T4;11;Novembre;44;1;Mercredi;Non;Oui
20231102;2023-11-02;2023;T4;11;Novembre;44;2;Jeudi;Non;Non
20231103;2023-11-03;2023;T4;11;Novembre;44;3;Vendredi;Non;Non
20231104;2023-11-04;2023;T4;11;Novembre;44;4;Samedi;Oui;Non
20231105;2023-11-05;2023;T4;11;Novembre;44;5;Dimanche;Oui;Non
20231106;2023-11-06;2023;T4;11;Novembre;45;6;Lundi;Non;Non
20231107;2023-11-07;2023;T4;11;Novembre;45;7;Mardi;Non;Non
20231108;2023-11-08;2023;T4;11;Novembre;45;8;Mercredi;Non;Non
20231109;2023-11-09;2023;T4;11;Novembre;45;9;Jeudi;Non;Non
20231110;2023-11-10;2023;T4;11;Novembre;45;10;Vendredi;Non;Non
20231111;2023-11-11;2023;T4;11;Novembre;45;11;Samedi;Oui;Oui
20231112;2023-11-12;2023;T4;11;Novembre;45;12;Dimanche;Oui;Non
20231113;2023-11-13;2023;T4;11;Novembre;46;13;Lundi;Non;Non
20231114;2023-11-14;2023;T4;11;Novembre;46;14;Mardi;Non;Non
20231115;2023-11-15;2023;T4;11;Novembre;46;15;Mercredi;Non;Non
20231116;2023-11-16;2023;T4;11;Novembre;46;16;Jeudi;Non;Non
20231117;2023-11-17;2023;T4;11;Novembre;46;17;Vendredi;Non;Non
20231118;2023-11-18;2023;T4;11;Novembre;46;18;Samedi;Oui;Non
20231119;2023-11-19;2023;T4;11;Novembre;46;19;Dimanche;Oui;Non
20231120;2023-11-20;2023;T4;11;Novembre;47;20;Lundi;Non;Non
20231121;2023-11-21;2023;T4;11;Novembre;47;21;Mardi;Non;Non
20231122;2023-11-22;2023;T4;11;Novembre;47;22;Mercredi;Non;Non
20231123;2023-11-23;2023;T4;11;Novembre;47;23;Jeudi;Non;Non
20231124;2023-11-24;2023;T4;11;Novembre;47;24;Vendredi;Non;Non
20231125;2023-11-25;2023;T4;11;Novembre;47;25;Samedi;Oui;Non
20231126;2023-11-26;2023;T4;11;Novembre;47;26;Dimanche;Oui;Non
20231127;2023-11-27;2023;T4;11;Novembre;48;27;Lundi;Non;Non
20231128;2023-11-28;2023;T4;11;Novembre;48;28;Mardi;Non;Non
20231129;2023-11-29;2023;T4;11;Novembre;48;29;Mercredi;Non;Non
20231130;2023-11-30;2023;T4;11;Novembre;48;30;Jeudi;Non;Non
20231201;2023-12-01;2023;T4;12;Décembre;48;1;Vendredi;Non;Non
20231202;2023-12-02;2023;T4;12;Décembre;48;2;Samedi;Oui;Non
20231203;2023-12-03;2023;T4;12;Décembre;48;3;Dimanche;Oui;Non
20231204;2023-12-04;2023;T4;12;Décembre;49;4;Lundi;Non;Non
20231205;2023-12-05;2023;T4;12;Décembre;49;5;Mardi;Non;Non
20231206;2023-12-06;2023;T4;12;Décembre;49;6;Mercredi;Non;Non
20231207;2023-12-07;2023;T4;12;Décembre;49;7;Jeudi;Non;Non
20231208;2023-12-08;2023;T4;12;Décembre;49;8;Vendredi;Non;Non
20231209;2023-12-09;2023;T4;12;Décembre;49;9;Samedi;Oui;Non
20231210;2023-12-10;2023;T4;12;Décembre;49;10;Dimanche;Oui;Non
20231211;2023-12-11;2023;T4;12;Décembre;50;11;Lundi;Non;Non
20231212;2023-12-12;2023;T4;12;Décembre;50;12;Mardi;Non;Non
20231213;2023-12-13;2023;T4;12;Décembre;50;13;Mercredi;Non;Non
20231214;2023-12-14;2023;T4;12;Décembre;50;14;Jeudi;Non;Non
20231215;2023-12-15;2023;T4;12;Décembre;50;15;Vendredi;Non;Non
20231216;2023-12-16;2023;T4;12;Décembre;50;16;Samedi;Oui;Non
20231217;2023-12-17;2023;T4;12;Décembre;50;17;Dimanche;Oui;Non
20231218;2023-12-18;2023;T4;12;Décembre;51;18;Lundi;Non;Non
20231219;2023-12-19;2023;T4;12;Décembre;51;19;Mardi;Non;Non
20231220;2023-12-20;2023;T4;12;Décembre;51;20;Mercredi;Non;Non
20231221;2023-12-21;2023;T4;12;Décembre;51;21;Jeudi;Non;Non
20231222;2023-12-22;2023;T4;12;Décembre;51;22;Vendredi;Non;Non
20231223;2023-12-23;2023;T4;12;Décembre;51;23;Samedi;Oui;Non
20231224;2023-12-24;2023;T4;12;Décembre;51;24;Dimanche;Oui;Non
20231225;2023-12-25;2023;T4;12;Décembre;52;25;Lundi;Non;Oui
20231226;2023-12-26;2023;T4;12;Décembre;52;26;Mardi;Non;Non
20231227;2023-12-27;2023;T4;12;Décembre;52;27;Mercredi;Non;Non
20231228;2023-12-28;2023;T4;12;Décembre;52;28;Jeudi;Non;Non
20231229;2023-12-29;2023;T4;12;Décembre;52;29;Vendredi;Non;Non
20231230;2023-12-30;2023;T4;12;Décembre;52;30;Samedi;Oui;Non
20231231;2023-12-31;2023;T4;12;Décembre;52;31;Dimanche;Oui;Non
20240101;2024-01-01;2024;T1;1;Janvier;1;1;Lundi;Non;Oui
20240102;2024-01-02;2024;T1;1;Janvier;1;2;Mardi;Non;Non
20240103;2024-01-03;2024;T1;1;Janvier;1;3;Mercredi;Non;Non
20240104;2024-01-04;2024;T1;1;Janvier;1;4;Jeudi;Non;Non
20240105;2024-01-05;2024;T1;1;Janvier;1;5;Vendredi;Non;Non
20240106;2024-01-06;2024;T1;1;Janvier;1;6;Samedi;Oui;Non
20240107;2024-01-07;2024;T1;1;Janvier;1;7;Dimanche;Oui;Non
20240108;2024-01-08;2024;T1;1;Janvier;2;8;Lundi;Non;Non
20240109;2024-01-09;2024;T1;1;Janvier;2;9;Mardi;Non;Non
20240110;2024-01-10;2024;T1;1;Janvier;2;10;Mercredi;Non;Non
20240111;2024-01-11;2024;T1;1;Janvier;2;11;Jeudi;Non;Non
20240112;2024-01-12;2024;T1;1;Janvier;2;12;Vendredi;Non;Non
20240113;2024-01-13;2024;T1;1;Janvier;2;13;Samedi;Oui;Non
20240114;2024-01-14;2024;T1;1;Janvier;2;14;Dimanche;Oui;Non
20240115;2024-01-15;2024;T1;1;Janvier;3;15;Lundi;Non;Non
20240116;2024-01-16;2024;T1;1;Janvier;3;16;Mardi;Non;Non
20240117;2024-01-17;2024;T1;1;Janvier;3;17;Mercredi;Non;Non
20240118;2024-01-18;2024;T1;1;Janvier;3;18;Jeudi;Non;Non
20240119;2024-01-19;2024;T1;1;Janvier;3;19;Vendredi;Non;Non
20240120;2024-01-20;2024;T1;1;Janvier;3;20;Samedi;Oui;Non
20240121;2024-01-21;2024;T1;1;Janvier;3;21;Dimanche;Oui;Non
20240122;2024-01-22;2024;T1;1;Janvier;4;22;Lundi;Non;Non
20240123;2024-01-23;2024;T1;1;Janvier;4;23;Mardi;Non;Non
20240124;2024-01-24;2024;T1;1;Janvier;4;24;Mercredi;Non;Non
20240125;2024-01-25;2024;T1;1;Janvier;4;25;Jeudi;Non;Non
20240126;2024-01-26;2024;T1;1;Janvier;4;26;Vendredi;Non;Non
20240127;2024-01-27;2024;T1;1;Janvier;4;27;Samedi;Oui;Non
20240128;2024-01-28;2024;T1;1;Janvier;4;28;Dimanche;Oui;Non
20240129;2024-01-29;2024;T1;1;Janvier;5;29;Lundi;Non;Non
20240130;2024-01-30;2024;T1;1;Janvier;5;30;Mardi;Non;Non
20240131;2024-01-31;2024;T1;1;Janvier;5;31;Mercredi;Non;Non
20240201;2024-02-01;2024;T1;2;Février;5;1;Jeudi;Non;Non
20240202;2024-02-02;2024;T1;2;Février;5;2;Vendredi;Non;Non
20240203;2024-02-03;2024;T1;2;Février;5;3;Samedi;Oui;Non
20240204;2024-02-04;2024;T1;2;Février;5;4;Dimanche;Oui;Non
20240205;2024-02-05;2024;T1;2;Février;6;5;Lundi;Non;Non
20240206;2024-02-06;2024;T1;2;Février;6;6;Mardi;Non;Non
20240207;2024-02-07;2024;T1;2;Février;6;7;Mercredi;Non;Non
20240208;2024-02-08;2024;T1;2;Février;6;8;Jeudi;Non;Non
20240209;2024-02-09;2024;T1;2;Février;6;9;Vendredi;Non;Non
20240210;2024-02-10;2024;T1;2;Février;6;10;Samedi;Oui;Non
20240211;2024-02-11;2024;T1;2;Février;6;11;Dimanche;Oui;Non
20240212;2024-02-12;2024;T1;2;Février;7;12;Lundi;Non;Non
20240213;2024-02-13;2024;T1;2;Février;7;13;Mardi;Non;Non
20240214;2024-02-14;2024;T1;2;Février;7;14;Mercredi;Non;Non
20240215;2024-02-15;2024;T1;2;Février;7;15;Jeudi;Non;Non
20240216;2024-02-16;2024;T1;2;Février;7;16;Vendredi;Non;Non
20240217;2024-02-17;2024;T1;2;Février;7;17;Samedi;Oui;Non
20240218;2024-02-18;2024;T1;2;Février;7;18;Dimanche;Oui;Non
20240219;2024-02-19;2024;T1;2;Février;8;19;Lundi;Non;Non
20240220;2024-02-20;2024;T1;2;Février;8;20;Mardi;Non;Non
20240221;2024-02-21;2024;T1;2;Février;8;21;Mercredi;Non;Non
20240222;2024-02-22;2024;T1;2;Février;8;22;Jeudi;Non;Non
20240223;2024-02-23;2024;T1;2;Février;8;23;Vendredi;Non;Non
20240224;2024-02-24;2024;T1;2;Février;8;24;Samedi;Oui;Non
20240225;2024-02-25;2024;T1;2;Février;8;25;Dimanche;Oui;Non
20240226;2024-02-26;2024;T1;2;Février;9;26;Lundi;Non;Non
20240227;2024-02-27;2024;T1;2;Février;9;27;Mardi;Non;Non
20240228;2024-02-28;2024;T1;2;Février;9;28;Mercredi;Non;Non
20240229;2024-02-29;2024;T1;2;Février;9;29;Jeudi;Non;Non
20240301;2024-03-01;2024;T1;3;Mars;9;1;Vendredi;Non;Non
20240302;2024-03-02;2024;T1;3;Mars;9;2;Samedi;Oui;Non
20240303;2024-03-03;2024;T1;3;Mars;9;3;Dimanche;Oui;Non
20240304;2024-03-04;2024;T1;3;Mars;10;4;Lundi;Non;Non
20240305;2024-03-05;2024;T1;3;Mars;10;5;Mardi;Non;Non
20240306;2024-03-06;2024;T1;3;Mars;10;6;Mercredi;Non;Non
20240307;2024-03-07;2024;T1;3;Mars;10;7;Jeudi;Non;Non
20240308;2024-03-08;2024;T1;3;Mars;10;8;Vendredi;Non;Non
20240309;2024-03-09;2024;T1;3;Mars;10;9;Samedi;Oui;Non
20240310;2024-03-10;2024;T1;3;Mars;10;10;Dimanche;Oui;Non
20240311;2024-03-11;2024;T1;3;Mars;11;11;Lundi;Non;Non
20240312;2024-03-12;2024;T1;3;Mars;11;12;Mardi;Non;Non
20240313;2024-03-13;2024;T1;3;Mars;11;13;Mercredi;Non;Non
20240314;2024-03-14;2024;T1;3;Mars;11;14;Jeudi;Non;Non
20240315;2024-03-15;2024;T1;3;Mars;11;15;Vendredi;Non;Non
20240316;2024-03-16;2024;T1;3;Mars;11;16;Samedi;Oui;Non
20240317;2024-03-17;2024;T1;3;Mars;11;17;Dimanche;Oui;Non
20240318;2024-03-18;2024;T1;3;Mars;12;18;Lundi;Non;Non
20240319;2024-03-19;2024;T1;3;Mars;12;19;Mardi;Non;Non
20240320;2024-03-20;2024;T1;3;Mars;12;20;Mercredi;Non;Non
20240321;2024-03-21;2024;T1;3;Mars;12;21;Jeudi;Non;Non
20240322;2024-03-22;2024;T1;3;Mars;12;22;Vendredi;Non;Non
20240323;2024-03-23;2024;T1;3;Mars;12;23;Samedi;Oui;Non
20240324;2024-03-24;2024;T1;3;Mars;12;24;Dimanche;Oui;Non
20240325;2024-03-25;2024;T1;3;Mars;13;25;Lundi;Non;Non
20240326;2024-03-26;2024;T1;3;Mars;13;26;Mardi;Non;Non
20240327;2024-03-27;2024;T1;3;Mars;13;27;Mercredi;Non;Non
20240328;2024-03-28;2024;T1;3;Mars;13;28;Jeudi;Non;Non
20240329;2024-03-29;2024;T1;3;Mars;13;29;Vendredi;Non;Non
20240330;2024-03-30;2024;T1;3;Mars;13;30;Samedi;Oui;Non
20240331;2024-03-31;2024;T1;3;Mars;13;31;Dimanche;Oui;Non
20240401;2024-04-01;2024;T2;4;Avril;14;1;Lundi;Non;Non
20240402;2024-04-02;2024;T2;4;Avril;14;2;Mardi;Non;Non
20240403;2024-04-03;2024;T2;4;Avril;14;3;Mercredi;Non;Non
20240404;2024-04-04;2024;T2;4;Avril;14;4;Jeudi;Non;Non
20240405;2024-04-05;2024;T2;4;Avril;14;5;Vendredi;Non;Non
20240406;2024-04-06;2024;T2;4;Avril;14;6;Samedi;Oui;Non
20240407;2024-04-07;2024;T2;4;Avril;14;7;Dimanche;Oui;Non
20240408;2024-04-08;2024;T2;4;Avril;15;8;Lundi;Non;Non
20240409;2024-04-09;2024;T2;4;Avril;15;9;Mardi;Non;Non
20240410;2024-04-10;2024;T2;4;Avril;15;10;Mercredi;Non;Non
20240411;2024-04-11;2024;T2;4;Avril;15;11;Jeudi;Non;Non
20240412;2024-04-12;2024;T2;4;Avril;15;12;Vendredi;Non;Non
20240413;2024-04-13;2024;T2;4;Avril;15;13;Samedi;Oui;Non
20240414;2024-04-14;2024;T2;4;Avril;15;14;Dimanche;Oui;Non
20240415;2024-04-15;2024;T2;4;Avril;16;15;Lundi;Non;Non
20240416;2024-04-16;2024;T2;4;Avril;16;16;Mardi;Non;Non
20240417;2024-04-17;2024;T2;4;Avril;16;17;Mercredi;Non;Non
20240418;2024-04-18;2024;T2;4;Avril;16;18;Jeudi;Non;Non
20240419;2024-04-19;2024;T2;4;Avril;16;19;Vendredi;Non;Non
20240420;2024-04-20;2024;T2;4;Avril;16;20;Samedi;Oui;Non
20240421;2024-04-21;2024;T2;4;Avril;16;21;Dimanche;Oui;Non
20240422;2024-04-22;2024;T2;4;Avril;17;22;Lundi;Non;Non
20240423;2024-04-23;2024;T2;4;Avril;17;23;Mardi;Non;Non
20240424;2024-04-24;2024;T2;4;Avril;17;24;Mercredi;Non;Non
20240425;2024-04-25;2024;T2;4;Avril;17;25;Jeudi;Non;Non
20240426;2024-04-26;2024;T2;4;Avril;17;26;Vendredi;Non;Non
20240427;2024-04-27;2024;T2;4;Avril;17;27;Samedi;Oui;Non
20240428;2024-04-28;2024;T2;4;Avril;17;28;Dimanche;Oui;Non
20240429;2024-04-29;2024;T2;4;Avril;18;29;Lundi;Non;Non
20240430;2024-04-30;2024;T2;4;Avril;18;30;Mardi;Non;Non
20240501;2024-05-01;2024;T2;5;Mai;18;1;Mercredi;Non;Oui
20240502;2024-05-02;2024;T2;5;Mai;18;2;Jeudi;Non;Non
20240503;2024-05-03;2024;T2;5;Mai;18;3;Vendredi;Non;Non
20240504;2024-05-04;2024;T2;5;Mai;18;4;Samedi;Oui;Non
20240505;2024-05-05;2024;T2;5;Mai;18;5;Dimanche;Oui;Non
20240506;2024-05-06;2024;T2;5;Mai;19;6;Lundi;Non;Non
20240507;2024-05-07;2024;T2;5;Mai;19;7;Mardi;Non;Non
20240508;2024-05-08;2024;T2;5;Mai;19;8;Mercredi;Non;Oui
20240509;2024-05-09;2024;T2;5;Mai;19;9;Jeudi;Non;Non
20240510;2024-05-10;2024;T2;5;Mai;19;10;Vendredi;Non;Non
20240511;2024-05-11;2024;T2;5;Mai;19;11;Samedi;Oui;Non
20240512;2024-05-12;2024;T2;5;Mai;19;12;Dimanche;Oui;Non
20240513;2024-05-13;2024;T2;5;Mai;20;13;Lundi;Non;Non
20240514;2024-05-14;2024;T2;5;Mai;20;14;Mardi;Non;Non
20240515;2024-05-15;2024;T2;5;Mai;20;15;Mercredi;Non;Non
20240516;2024-05-16;2024;T2;5;Mai;20;16;Jeudi;Non;Non
20240517;2024-05-17;2024;T2;5;Mai;20;17;Vendredi;Non;Non
20240518;2024-05-18;2024;T2;5;Mai;20;18;Samedi;Oui;Non
20240519;2024-05-19;2024;T2;5;Mai;20;19;Dimanche;Oui;Non
20240520;2024-05-20;2024;T2;5;Mai;21;20;Lundi;Non;Non
20240521;2024-05-21;2024;T2;5;Mai;21;21;Mardi;Non;Non
20240522;2024-05-22;2024;T2;5;Mai;21;22;Mercredi;Non;Non
20240523;2024-05-23;2024;T2;5;Mai;21;23;Jeudi;Non;Non
20240524;2024-05-24;2024;T2;5;Mai;21;24;Vendredi;Non;Non
20240525;2024-05-25;2024;T2;5;Mai;21;25;Samedi;Oui;Non
20240526;2024-05-26;2024;T2;5;Mai;21;26;Dimanche;Oui;Non
20240527;2024-05-27;2024;T2;5;Mai;22;27;Lundi;Non;Non
20240528;2024-05-28;2024;T2;5;Mai;22;28;Mardi;Non;Non
20240529;2024-05-29;2024;T2;5;Mai;22;29;Mercredi;Non;Non
20240530;2024-05-30;2024;T2;5;Mai;22;30;Jeudi;Non;Non
20240531;2024-05-31;2024;T2;5;Mai;22;31;Vendredi;Non;Non
20240601;2024-06-01;2024;T2;6;Juin;22;1;Samedi;Oui;Non
20240602;2024-06-02;2024;T2;6;Juin;22;2;Dimanche;Oui;Non
20240603;2024-06-03;2024;T2;6;Juin;23;3;Lundi;Non;Non
20240604;2024-06-04;2024;T2;6;Juin;23;4;Mardi;Non;Non
20240605;2024-06-05;2024;T2;6;Juin;23;5;Mercredi;Non;Non
20240606;2024-06-06;2024;T2;6;Juin;23;6;Jeudi;Non;Non
20240607;2024-06-07;2024;T2;6;Juin;23;7;Vendredi;Non;Non
20240608;2024-06-08;2024;T2;6;Juin;23;8;Samedi;Oui;Non
20240609;2024-06-09;2024;T2;6;Juin;23;9;Dimanche;Oui;Non
20240610;2024-06-10;2024;T2;6;Juin;24;10;Lundi;Non;Non
20240611;2024-06-11;2024;T2;6;Juin;24;11;Mardi;Non;Non
20240612;2024-06-12;2024;T2;6;Juin;24;12;Mercredi;Non;Non
20240613;2024-06-13;2024;T2;6;Juin;24;13;Jeudi;Non;Non
20240614;2024-06-14;2024;T2;6;Juin;24;14;Vendredi;Non;Non
20240615;2024-06-15;2024;T2;6;Juin;24;15;Samedi;Oui;Non
20240616;2024-06-16;2024;T2;6;Juin;24;16;Dimanche;Oui;Non
20240617;2024-06-17;2024;T2;6;Juin;25;17;Lundi;Non;Non
20240618;2024-06-18;2024;T2;6;Juin;25;18;Mardi;Non;Non
20240619;2024-06-19;2024;T2;6;Juin;25;19;Mercredi;Non;Non
20240620;2024-06-20;2024;T2;6;Juin;25;20;Jeudi;Non;Non
20240621;2024-06-21;2024;T2;6;Juin;25;21;Vendredi;Non;Non
20240622;2024-06-22;2024;T2;6;Juin;25;22;Samedi;Oui;Non
20240623;2024-06-23;2024;T2;6;Juin;25;23;Dimanche;Oui;Non
20240624;2024-06-24;2024;T2;6;Juin;26;24;Lundi;Non;Non
20240625;2024-06-25;2024;T2;6;Juin;26;25;Mardi;Non;Non
20240626;2024-06-26;2024;T2;6;Juin;26;26;Mercredi;Non;Non
20240627;2024-06-27;2024;T2;6;Juin;26;27;Jeudi;Non;Non
20240628;2024-06-28;2024;T2;6;Juin;26;28;Vendredi;Non;Non
20240629;2024-06-29;2024;T2;6;Juin;26;29;Samedi;Oui;Non
20240630;2024-06-30;2024;T2;6;Juin;26;30;Dimanche;Oui;Non
20240701;2024-07-01;2024;T3;7;Juillet;27;1;Lundi;Non;Non
20240702;2024-07-02;2024;T3;7;Juillet;27;2;Mardi;Non;Non
20240703;2024-07-03;2024;T3;7;Juillet;27;3;Mercredi;Non;Non
20240704;2024-07-04;2024;T3;7;Juillet;27;4;Jeudi;Non;Non
20240705;2024-07-05;2024;T3;7;Juillet;27;5;Vendredi;Non;Non
20240706;2024-07-06;2024;T3;7;Juillet;27;6;Samedi;Oui;Non
20240707;2024-07-07;2024;T3;7;Juillet;27;7;Dimanche;Oui;Non
20240708;2024-07-08;2024;T3;7;Juillet;28;8;Lundi;Non;Non
20240709;2024-07-09;2024;T3;7;Juillet;28;9;Mardi;Non;Non
20240710;2024-07-10;2024;T3;7;Juillet;28;10;Mercredi;Non;Non
20240711;2024-07-11;2024;T3;7;Juillet;28;11;Jeudi;Non;Non
20240712;2024-07-12;2024;T3;7;Juillet;28;12;Vendredi;Non;Non
20240713;2024-07-13;2024;T3;7;Juillet;28;13;Samedi;Oui;Non
20240714;2024-07-14;2024;T3;7;Juillet;28;14;Dimanche;Oui;Oui
20240715;2024-07-15;2024;T3;7;Juillet;29;15;Lundi;Non;Non
20240716;2024-07-16;2024;T3;7;Juillet;29;16;Mardi;Non;Non
20240717;2024-07-17;2024;T3;7;Juillet;29;17;Mercredi;Non;Non
20240718;2024-07-18;2024;T3;7;Juillet;29;18;Jeudi;Non;Non
20240719;2024-07-19;2024;T3;7;Juillet;29;19;Vendredi;Non;Non
20240720;2024-07-20;2024;T3;7;Juillet;29;20;Samedi;Oui;Non
20240721;2024-07-21;2024;T3;7;Juillet;29;21;Dimanche;Oui;Non
20240722;2024-07-22;2024;T3;7;Juillet;30;22;Lundi;Non;Non
20240723;2024-07-23;2024;T3;7;Juillet;30;23;Mardi;Non;Non
20240724;2024-07-24;2024;T3;7;Juillet;30;24;Mercredi;Non;Non
20240725;2024-07-25;2024;T3;7;Juillet;30;25;Jeudi;Non;Non
20240726;2024-07-26;2024;T3;7;Juillet;30;26;Vendredi;Non;Non
20240727;2024-07-27;2024;T3;7;Juillet;30;27;Samedi;Oui;Non
20240728;2024-07-28;2024;T3;7;Juillet;30;28;Dimanche;Oui;Non
20240729;2024-07-29;2024;T3;7;Juillet;31;29;Lundi;Non;Non
20240730;2024-07-30;2024;T3;7;Juillet;31;30;Mardi;Non;Non
20240731;2024-07-31;2024;T3;7;Juillet;31;31;Mercredi;Non;Non
20240801;2024-08-01;2024;T3;8;Août;31;1;Jeudi;Non;Non
20240802;2024-08-02;2024;T3;8;Août;31;2;Vendredi;Non;Non
20240803;2024-08-03;2024;T3;8;Août;31;3;Samedi;Oui;Non
20240804;2024-08-04;2024;T3;8;Août;31;4;Dimanche;Oui;Non
20240805;2024-08-05;2024;T3;8;Août;32;5;Lundi;Non;Non
20240806;2024-08-06;2024;T3;8;Août;32;6;Mardi;Non;Non
20240807;2024-08-07;2024;T3;8;Août;32;7;Mercredi;Non;Non
20240808;2024-08-08;2024;T3;8;Août;32;8;Jeudi;Non;Non
20240809;2024-08-09;2024;T3;8;Août;32;9;Vendredi;Non;Non
20240810;2024-08-10;2024;T3;8;Août;32;10;Samedi;Oui;Non
20240811;2024-08-11;2024;T3;8;Août;32;11;Dimanche;Oui;Non
20240812;2024-08-12;2024;T3;8;Août;33;12;Lundi;Non;Non
20240813;2024-08-13;2024;T3;8;Août;33;13;Mardi;Non;Non
20240814;2024-08-14;2024;T3;8;Août;33;14;Mercredi;Non;Non
20240815;2024-08-15;2024;T3;8;Août;33;15;Jeudi;Non;Oui
20240816;2024-08-16;2024;T3;8;Août;33;16;Vendredi;Non;Non
20240817;2024-08-17;2024;T3;8;Août;33;17;Samedi;Oui;Non
20240818;2024-08-18;2024;T3;8;Août;33;18;Dimanche;Oui;Non
20240819;2024-08-19;2024;T3;8;Août;34;19;Lundi;Non;Non
20240820;2024-08-20;2024;T3;8;Août;34;20;Mardi;Non;Non
20240821;2024-08-21;2024;T3;8;Août;34;21;Mercredi;Non;Non
20240822;2024-08-22;2024;T3;8;Août;34;22;Jeudi;Non;Non
20240823;2024-08-23;2024;T3;8;Août;34;23;Vendredi;Non;Non
20240824;2024-08-24;2024;T3;8;Août;34;24;Samedi;Oui;Non
20240825;2024-08-25;2024;T3;8;Août;34;25;Dimanche;Oui;Non
20240826;2024-08-26;2024;T3;8;Août;35;26;Lundi;Non;Non
20240827;2024-08-27;2024;T3;8;Août;35;27;Mardi;Non;Non
20240828;2024-08-28;2024;T3;8;Août;35;28;Mercredi;Non;Non
20240829;2024-08-29;2024;T3;8;Août;35;29;Jeudi;Non;Non
20240830;2024-08-30;2024;T3;8;Août;35;30;Vendredi;Non;Non
20240831;2024-08-31;2024;T3;8;Août;35;31;Samedi;Oui;Non
20240901;2024-09-01;2024;T3;9;Septembre;35;1;Dimanche;Oui;Non
20240902;2024-09-02;2024;T3;9;Septembre;36;2;Lundi;Non;Non
20240903;2024-09-03;2024;T3;9;Septembre;36;3;Mardi;Non;Non
20240904;2024-09-04;2024;T3;9;Septembre;36;4;Mercredi;Non;Non
20240905;2024-09-05;2024;T3;9;Septembre;36;5;Jeudi;Non;Non
20240906;2024-09-06;2024;T3;9;Septembre;36;6;Vendredi;Non;Non
20240907;2024-09-07;2024;T3;9;Septembre;36;7;Samedi;Oui;Non
20240908;2024-09-08;2024;T3;9;Septembre;36;8;Dimanche;Oui;Non
20240909;2024-09-09;2024;T3;9;Septembre;37;9;Lundi;Non;Non
20240910;2024-09-10;2024;T3;9;Septembre;37;10;Mardi;Non;Non
20240911;2024-09-11;2024;T3;9;Septembre;37;11;Mercredi;Non;Non
20240912;2024-09-12;2024;T3;9;Septembre;37;12;Jeudi;Non;Non
20240913;2024-09-13;2024;T3;9;Septembre;37;13;Vendredi;Non;Non
20240914;2024-09-14;2024;T3;9;Septembre;37;14;Samedi;Oui;Non
20240915;2024-09-15;2024;T3;9;Septembre;37;15;Dimanche;Oui;Non
20240916;2024-09-16;2024;T3;9;Septembre;38;16;Lundi;Non;Non
20240917;2024-09-17;2024;T3;9;Septembre;38;17;Mardi;Non;Non
20240918;2024-09-18;2024;T3;9;Septembre;38;18;Mercredi;Non;Non
20240919;2024-09-19;2024;T3;9;Septembre;38;19;Jeudi;Non;Non
20240920;2024-09-20;2024;T3;9;Septembre;38;20;Vendredi;Non;Non
20240921;2024-09-21;2024;T3;9;Septembre;38;21;Samedi;Oui;Non
20240922;2024-09-22;2024;T3;9;Septembre;38;22;Dimanche;Oui;Non
20240923;2024-09-23;2024;T3;9;Septembre;39;23;Lundi;Non;Non
20240924;2024-09-24;2024;T3;9;Septembre;39;24;Mardi;Non;Non
20240925;2024-09-25;2024;T3;9;Septembre;39;25;Mercredi;Non;Non
20240926;2024-09-26;2024;T3;9;Septembre;39;26;Jeudi;Non;Non
20240927;2024-09-27;2024;T3;9;Septembre;39;27;Vendredi;Non;Non
20240928;2024-09-28;2024;T3;9;Septembre;39;28;Samedi;Oui;Non
20240929;2024-09-29;2024;T3;9;Septembre;39;29;Dimanche;Oui;Non
20240930;2024-09-30;2024;T3;9;Septembre;40;30;Lundi;Non;Non
20241001;2024-10-01;2024;T4;10;Octobre;40;1;Mardi;Non;Non
20241002;2024-10-02;2024;T4;10;Octobre;40;2;Mercredi;Non;Non
20241003;2024-10-03;2024;T4;10;Octobre;40;3;Jeudi;Non;Non
20241004;2024-10-04;2024;T4;10;Octobre;40;4;Vendredi;Non;Non
20241005;2024-10-05;2024;T4;10;Octobre;40;5;Samedi;Oui;Non
20241006;2024-10-06;2024;T4;10;Octobre;40;6;Dimanche;Oui;Non
20241007;2024-10-07;2024;T4;10;Octobre;41;7;Lundi;Non;Non
20241008;2024-10-08;2024;T4;10;Octobre;41;8;Mardi;Non;Non
20241009;2024-10-09;2024;T4;10;Octobre;41;9;Mercredi;Non;Non
20241010;2024-10-10;2024;T4;10;Octobre;41;10;Jeudi;Non;Non
20241011;2024-10-11;2024;T4;10;Octobre;41;11;Vendredi;Non;Non
20241012;2024-10-12;2024;T4;10;Octobre;41;12;Samedi;Oui;Non
20241013;2024-10-13;2024;T4;10;Octobre;41;13;Dimanche;Oui;Non
20241014;2024-10-14;2024;T4;10;Octobre;42;14;Lundi;Non;Non
20241015;2024-10-15;2024;T4;10;Octobre;42;15;Mardi;Non;Non
20241016;2024-10-16;2024;T4;10;Octobre;42;16;Mercredi;Non;Non
20241017;2024-10-17;2024;T4;10;Octobre;42;17;Jeudi;Non;Non
20241018;2024-10-18;2024;T4;10;Octobre;42;18;Vendredi;Non;Non
20241019;2024-10-19;2024;T4;10;Octobre;42;19;Samedi;Oui;Non
20241020;2024-10-20;2024;T4;10;Octobre;42;20;Dimanche;Oui;Non
20241021;2024-10-21;2024;T4;10;Octobre;43;21;Lundi;Non;Non
20241022;2024-10-22;2024;T4;10;Octobre;43;22;Mardi;Non;Non
20241023;2024-10-23;2024;T4;10;Octobre;43;23;Mercredi;Non;Non
20241024;2024-10-24;2024;T4;10;Octobre;43;24;Jeudi;Non;Non
20241025;2024-10-25;2024;T4;10;Octobre;43;25;Vendredi;Non;Non
20241026;2024-10-26;2024;T4;10;Octobre;43;26;Samedi;Oui;Non
20241027;2024-10-27;2024;T4;10;Octobre;43;27;Dimanche;Oui;Non
20241028;2024-10-28;2024;T4;10;Octobre;44;28;Lundi;Non;Non
20241029;2024-10-29;2024;T4;10;Octobre;44;29;Mardi;Non;Non
20241030;2024-10-30;2024;T4;10;Octobre;44;30;Mercredi;Non;Non
20241031;2024-10-31;2024;T4;10;Octobre;44;31;Jeudi;Non;Non
20241101;2024-11-01;2024;T4;11;Novembre;44;1;Vendredi;Non;Oui
20241102;2024-11-02;2024;T4;11;Novembre;44;2;Samedi;Oui;Non
20241103;2024-11-03;2024;T4;11;Novembre;44;3;Dimanche;Oui;Non
20241104;2024-11-04;2024;T4;11;Novembre;45;4;Lundi;Non;Non
20241105;2024-11-05;2024;T4;11;Novembre;45;5;Mardi;Non;Non
20241106;2024-11-06;2024;T4;11;Novembre;45;6;Mercredi;Non;Non
20241107;2024-11-07;2024;T4;11;Novembre;45;7;Jeudi;Non;Non
20241108;2024-11-08;2024;T4;11;Novembre;45;8;Vendredi;Non;Non
20241109;2024-11-09;2024;T4;11;Novembre;45;9;Samedi;Oui;Non
20241110;2024-11-10;2024;T4;11;Novembre;45;10;Dimanche;Oui;Non
20241111;2024-11-11;2024;T4;11;Novembre;46;11;Lundi;Non;Oui
20241112;2024-11-12;2024;T4;11;Novembre;46;12;Mardi;Non;Non
20241113;2024-11-13;2024;T4;11;Novembre;46;13;Mercredi;Non;Non
20241114;2024-11-14;2024;T4;11;Novembre;46;14;Jeudi;Non;Non
20241115;2024-11-15;2024;T4;11;Novembre;46;15;Vendredi;Non;Non
20241116;2024-11-16;2024;T4;11;Novembre;46;16;Samedi;Oui;Non
20241117;2024-11-17;2024;T4;11;Novembre;46;17;Dimanche;Oui;Non
20241118;2024-11-18;2024;T4;11;Novembre;47;18;Lundi;Non;Non
20241119;2024-11-19;2024;T4;11;Novembre;47;19;Mardi;Non;Non
20241120;2024-11-20;2024;T4;11;Novembre;47;20;Mercredi;Non;Non
20241121;2024-11-21;2024;T4;11;Novembre;47;21;Jeudi;Non;Non
20241122;2024-11-22;2024;T4;11;Novembre;47;22;Vendredi;Non;Non
20241123;2024-11-23;2024;T4;11;Novembre;47;23;Samedi;Oui;Non
20241124;2024-11-24;2024;T4;11;Novembre;47;24;Dimanche;Oui;Non
20241125;2024-11-25;2024;T4;11;Novembre;48;25;Lundi;Non;Non
20241126;2024-11-26;2024;T4;11;Novembre;48;26;Mardi;Non;Non
20241127;2024-11-27;2024;T4;11;Novembre;48;27;Mercredi;Non;Non
20241128;2024-11-28;2024;T4;11;Novembre;48;28;Jeudi;Non;Non
20241129;2024-11-29;2024;T4;11;Novembre;48;29;Vendredi;Non;Non
20241130;2024-11-30;2024;T4;11;Novembre;48;30;Samedi;Oui;Non
20241201;2024-12-01;2024;T4;12;Décembre;48;1;Dimanche;Oui;Non
20241202;2024-12-02;2024;T4;12;Décembre;49;2;Lundi;Non;Non
20241203;2024-12-03;2024;T4;12;Décembre;49;3;Mardi;Non;Non
20241204;2024-12-04;2024;T4;12;Décembre;49;4;Mercredi;Non;Non
20241205;2024-12-05;2024;T4;12;Décembre;49;5;Jeudi;Non;Non
20241206;2024-12-06;2024;T4;12;Décembre;49;6;Vendredi;Non;Non
20241207;2024-12-07;2024;T4;12;Décembre;49;7;Samedi;Oui;Non
20241208;2024-12-08;2024;T4;12;Décembre;49;8;Dimanche;Oui;Non
20241209;2024-12-09;2024;T4;12;Décembre;50;9;Lundi;Non;Non
20241210;2024-12-10;2024;T4;12;Décembre;50;10;Mardi;Non;Non
20241211;2024-12-11;2024;T4;12;Décembre;50;11;Mercredi;Non;Non
20241212;2024-12-12;2024;T4;12;Décembre;50;12;Jeudi;Non;Non
20241213;2024-12-13;2024;T4;12;Décembre;50;13;Vendredi;Non;Non
20241214;2024-12-14;2024;T4;12;Décembre;50;14;Samedi;Oui;Non
20241215;2024-12-15;2024;T4;12;Décembre;50;15;Dimanche;Oui;Non
20241216;2024-12-16;2024;T4;12;Décembre;51;16;Lundi;Non;Non
20241217;2024-12-17;2024;T4;12;Décembre;51;17;Mardi;Non;Non
20241218;2024-12-18;2024;T4;12;Décembre;51;18;Mercredi;Non;Non
20241219;2024-12-19;2024;T4;12;Décembre;51;19;Jeudi;Non;Non
20241220;2024-12-20;2024;T4;12;Décembre;51;20;Vendredi;Non;Non
20241221;2024-12-21;2024;T4;12;Décembre;51;21;Samedi;Oui;Non
20241222;2024-12-22;2024;T4;12;Décembre;51;22;Dimanche;Oui;Non
20241223;2024-12-23;2024;T4;12;Décembre;52;23;Lundi;Non;Non
20241224;2024-12-24;2024;T4;12;Décembre;52;24;Mardi;Non;Non
20241225;2024-12-25;2024;T4;12;Décembre;52;25;Mercredi;Non;Oui
20241226;2024-12-26;2024;T4;12;Décembre;52;26;Jeudi;Non;Non
20241227;2024-12-27;2024;T4;12;Décembre;52;27;Vendredi;Non;Non
20241228;2024-12-28;2024;T4;12;Décembre;52;28;Samedi;Oui;Non
20241229;2024-12-29;2024;T4;12;Décembre;52;29;Dimanche;Oui;Non
20241230;2024-12-30;2024;T4;12;Décembre;1;30;Lundi;Non;Non
20241231;2024-12-31;2024;T4;12;Décembre;1;31;Mardi;Non;Non
